novell.com  SUSE
suse.cz     SUSE
suse.com    SUSE
sun.com     Oracle
oracle.com  Oracle
redhat.com  RedHat
canonical.com   Canonical
ubuntu.com      Canonical
lanedo.com      Lanedo
codethink.co.uk CodeThink
bobiciel.com    Bobiciel
sil.org         SIL
tcs.com		Tata Consultancy Services
muenchen.de	Munich
nouenoff.nl	Nou & Off
linagora.com	Linagora
collabora.co.uk Collabora
de.ibm.com	IBM
cn.ibm.com	IBM
us.ibm.com	IBM

# These addresses are pre-normalised by aliases first ...

thb@openoffice.org  Oracle  <2008-02-28
thb@openoffice.org  SUSE

cmc@openoffice.org  Oracle  <2004-03-01
cmc@openoffice.org  RedHat

cedricbosdo@openoffice.org (Unknown) <2008-12-01
cedricbosdo@openoffice.org SUSE

fridrich.strba@bluewin.ch  (Unknown) <2007-03-01
fridrich.strba@bluewin.ch  SUSE

bjoern.michaelsen@canonical.com Oracle <2011-02-01
bjoern.michaelsen@canonical.com Canonical

federico@ximian.com SUSE

kstribley@openoffice.org SIL

mitch@gimp.org Lanedo

olivier.hallot@documentfoundation.org ALTA

sb@openoffice.org Oracle <2011-09-01
sb@openoffice.org RedHat

chrlutz@googlemail.com Munich
eymux2009@googlemail.com Munich

er@openoffice.org Oracle <2011-08-01
er@openoffice.org (Unknown) <2011-10-17
er@openoffice.org RedHat

mst@openoffice.org Oracle <2011-10-01
mst@openoffice.org RedHat

cosimoc@gnome.org RedHat

vmiklos@frugalware.org Known contributors <2012-02-01
vmiklos@frugalware.org SUSE

kmachalkova@suse.cz SUSE <2011-08-01
kmachalkova@suse.cz (Unknown)

mba@openoffice.org Oracle < 2011-12-01
mba@openoffice.org (Unknown)

# Misc. Apache IBM guys
af@a-w-f.de IBM
Armin.Le.Grand@me.com IBM
jogischmidt@googlemail.com IBM
orwittmann@googlemail.com IBM